day,max_temp,min_temp,avg_temp,max_wind,min_wind,avg_wind,max_percipitation,min_percipitation,avg_percipitation,sum_snow,day_hours,sunnyness,price_surge,max_price,resort,weekday,weekend
2024-02-24,-6.7335,-20.2335,-12.641833041666668,17.654686,5.8048253,12.844504554166669,0.4,0.0,0.0708333333333333,1.2600000100000002,12.0,0.6758418627314815,0.0,68.0,scuol,5,1
2024-02-25,-6.5835,-17.783499,-11.681416725,17.25373,9.904906,13.57794975,0.2,0.0,0.0166666666666666,0.28,12.0,0.6666666666666666,0.0,68.0,scuol,6,1
2024-02-26,-3.9335,-11.8835,-7.9543334,17.58481,8.161764,13.780655437500002,0.3,0.0,0.05,0.84000001,12.0,0.370933469212963,0.0,68.0,scuol,0,0
2024-02-27,-1.5835,-8.5835,-5.758500029166666,11.304229,7.8954163,9.433501370833334,1.2,0.0,0.3416666666666666,5.81000002,12.0,0.3870453041666666,0.0,68.0,scuol,1,0
2024-02-28,0.96650004,-7.9835,-4.162666693333333,10.144082,0.71999997,6.873914252916666,0.1,0.0,0.0083333333333333,0.14,12.0,0.6457065879629629,0.0,68.0,scuol,2,0
2024-02-29,-0.3335,-10.6335,-5.9939167145833325,13.708391,9.511088,11.540554979166666,0.0,0.0,0.0,0.0,12.0,0.7811369027777778,-5.045337746727104e-05,68.0,scuol,3,0
2024-03-01,-1.5335,-9.1835,-4.871000025,10.464797,3.4152596,6.6665306125,1.0,0.0,0.2458333333333333,4.13000007,12.0,0.0461138379629629,-0.0001148586824502,68.0,scuol,4,0
2024-03-02,-1.6335,-7.6835003,-4.818916733333333,19.011953,7.208994,13.036092970833332,0.3,0.0,0.0375,0.63000001,12.0,0.6483792152777778,-0.0006915805186344,66.0,scuol,5,1
2024-03-03,-3.0335002,-9.3835,-5.948083379166666,27.66384,12.984975,18.51013789583333,0.1,0.0,0.0041666666666666,0.07,12.0,0.5184444393518519,-0.0013558508772854,62.0,scuol,6,1
2024-03-04,0.1665,-9.7835,-4.848083364666667,9.504272,4.3349743,7.323970891666666,0.1,0.0,0.0041666666666666,0.07,12.0,0.8576402615740741,-0.0014109729798317,62.0,scuol,0,0
2024-03-05,-2.4835,-15.8835,-7.537666716666667,11.5199995,5.0142193,7.4516130416666675,2.2,0.0,0.625,10.49999993,12.0,0.2630471527777777,-0.001376638865553,62.0,scuol,1,0
2024-03-06,-5.7835,-8.8335,-7.460583391666667,11.165805,7.2805495,9.3654418125,1.6,0.0,0.2541666666666666,4.340000030000001,12.0,0.0021135171296296,-0.0012407819041425,62.0,scuol,2,0
2024-03-07,-2.1335,-12.9835005,-7.775166741666666,10.195057,2.8116899,6.6578273333333335,0.0,0.0,0.0,0.0,12.0,0.7572209722222222,-0.0009976997952437,62.0,scuol,3,0
2024-03-08,-4.7835,-15.4335,-9.923083470833332,17.651016,6.4799995,12.356788362500003,0.0,0.0,0.0,0.0,12.0,0.7825144212962963,-0.000670155533554,62.0,scuol,4,0
2024-03-09,-3.1335,-13.3835,-7.4730833875,23.188583,14.512064,18.532990166666668,0.3,0.0,0.0166666666666666,0.2800000099999999,12.0,0.6666666666666666,-0.000322635711185,62.0,scuol,5,1
2024-03-10,-2.1335,-11.8335,-5.658500041666667,31.82082,10.086427,21.103135854166663,2.4,0.0,0.5416666666666666,9.17000001,12.0,0.1840437923611111,-0.0004494271376482,56.0,scuol,6,1
2024-03-11,-2.0335,-12.4835005,-7.577250091666666,11.609651,1.5273507,8.2320906875,0.2,0.0,0.0291666666666666,0.49,12.0,0.7920696303240741,-0.0008229422232871,56.0,scuol,0,0
2024-03-12,-4.5335,-8.9335,-6.6751667291666665,12.031756,4.0249224,9.188720483333334,0.2,0.0,0.0791666666666666,1.33,12.0,0.0,-0.0009223489222202,56.0,scuol,1,0
2024-03-13,-2.0335,-7.2835,-4.57100005,10.97262,0.71999997,6.7321128945833335,2.3,0.0,0.5541666666666666,9.09999976,12.0,0.0488387652777777,-0.0008816726479177,56.0,scuol,2,0
2024-03-14,2.8665,-11.2835,-2.5668333958333336,9.021574,0.8049845,4.773757225000001,0.0,0.0,0.0,0.0,12.0,0.8712061180555555,-0.0007448735575644,56.0,scuol,3,0
2024-03-15,2.2665,-3.7335,-0.9689166579166668,7.5170207,1.0182338,4.799537408333333,1.3,0.0,0.1416666666666666,2.37999999,12.0,0.907138085648148,-0.0005230048777281,56.0,scuol,4,0
2024-03-16,-0.5835,-7.3835,-3.5314166833333336,18.03237,2.4149535,9.697174733333332,0.5,0.0,0.1374999999999999,2.3100000300000003,12.0,0.5905217037037037,-0.0002992171926303,56.0,scuol,5,1
2024-03-17,2.0165,-10.0835,-2.810583354166667,12.397806,2.7416782,6.078473495833333,0.3,0.0,0.0791666666666666,1.26000003,12.0,0.507604630787037,-8.84624315656435e-05,56.0,scuol,6,1
2024-03-18,-0.13350001,-3.9335,-2.5793333420833333,13.783817,1.08,8.027031541666668,1.7,0.0,0.4708333333333334,7.839999929999999,12.0,0.0,-4.806157859855288e-05,56.0,scuol,0,0
2024-03-19,1.5165,-8.9835005,-3.3668333629166667,10.97262,0.71999997,4.991666194583333,0.0,0.0,0.0,0.0,12.0,0.8607472615740741,-4.236132129001023e-05,56.0,scuol,1,0
2024-03-20,3.7665,-14.0835,-3.3251667316666667,9.585739,1.4399999,5.462046170833333,0.0,0.0,0.0,0.0,12.0,0.917683011875,-3.1719258103503955e-05,56.0,scuol,2,0
2024-03-21,0.016499996,-6.6335,-2.264750020416667,19.586119,3.8939953,12.325542404166669,1.2,0.0,0.3041666666666666,5.11000006,12.0,0.3208182546296296,-2.18944449454798e-05,56.0,scuol,3,0
2024-03-22,3.7665,-10.1335,-1.3272500216666667,9.983106,4.3498964,6.790157529166667,0.0,0.0,0.0,0.0,12.0,0.9207482444444446,-1.0291631255138478e-05,56.0,scuol,4,0
2024-03-23,-0.5335,-12.4835005,-5.427250062500001,19.161337,7.7879906,11.0733867375,2.0,0.0,0.2458333333333333,4.130000000000001,12.0,0.4272897583333332,1.988631141227057e-06,56.0,scuol,5,1
2024-03-24,-8.2335,-14.4835005,-11.177250125,21.518847,7.729527,12.733788083333332,0.6,0.0,0.175,2.94000003,12.0,0.4984141345370371,2.150773376785463e-05,56.0,scuol,6,1
2024-03-25,-3.7835002,-16.033499,-9.379333345833333,15.725037,4.39436,10.943359233333334,0.2,0.0,0.0249999999999999,0.42,12.0,0.9318889039351852,6.729048703994664e-05,56.0,scuol,0,0
2024-03-26,-1.3335,-15.0335,-6.925166675,22.314194,15.379206,18.26244829166667,0.0,0.0,0.0,0.0,12.0,0.9460842083333334,0.0001014083916668,56.0,scuol,1,0
2024-03-27,0.06649998,-6.5835,-3.152250057916667,28.174458,5.8048253,16.498678366666667,2.4,0.0,0.6458333333333333,10.78000004,12.0,0.3044998089583333,0.0001171160451032,56.0,scuol,2,0
2024-03-28,-2.6335,-13.7835,-7.612666758333333,19.469976,5.4833565,12.443517166666666,1.4,0.0,0.1791666666666667,3.08000001,12.0,0.4069053393518518,0.0001201491112764,56.0,scuol,3,0
2024-03-29,0.6665,-10.4835005,-3.84808336875,28.988384,15.646544,21.302916208333333,0.0,0.0,0.0,0.0,12.0,0.5958950032407406,0.0002319197726301,62.0,scuol,4,0
2024-03-30,1.0165,-3.6335,-1.4918333754166666,37.11319,18.391737,27.539265916666665,1.1,0.0,0.1166666666666666,1.89000002,12.0,0.8366423946759259,0.0002801261335267,62.0,scuol,5,1
2024-03-31,0.56649995,-4.9335003,-2.087666717083333,29.795301,14.408997,24.19302833333333,2.6,0.0,0.2833333333333333,4.68999995,12.0,0.8500931055555556,0.0002777379573753,62.0,scuol,6,1
2024-04-01,-0.1835,-12.5335,-3.981416670833333,30.599998,5.506941,15.963661299999998,4.4,0.0,1.275,21.41999947,12.0,0.2488746828703703,0.0002518678223265,62.0,scuol,0,0
2024-04-02,-2.2835,-11.9835005,-6.75433345,14.113653,8.4042845,10.369059083333331,0.1,0.0,0.0125,0.21,12.0,0.9166666666666666,8.743850927262715e-05,56.0,scuol,1,0
2024-04-03,-0.5335,-7.8335,-4.123083381250001,15.30741,7.6367526,10.899488608333334,0.4,0.0,0.0708333333333333,1.19000002,12.0,0.3430484745370371,-3.855517485042932e-05,56.0,scuol,2,0
2024-04-04,2.8665,-5.1835003,-0.9272500375,13.004922,6.9247384,10.2120056875,0.1,0.0,0.0083333333333333,0.07,12.0,0.954131474537037,-0.00014607512926,56.0,scuol,3,0
2024-04-05,4.4665,-2.3835,0.9477499866666664,11.177405,5.692099,8.343203583333333,0.0,0.0,0.0,0.0,12.0,0.8547008912037037,-0.0002315439547129,56.0,scuol,4,0
2024-04-06,11.8665,0.26649997,5.526916632083334,10.144082,1.9386592,6.711061754166667,0.0,0.0,0.0,0.0,12.0,0.9754852314814816,-0.000217901092143,56.0,scuol,5,1
2024-04-07,10.6665,3.7164998,5.876916633333333,12.57426,1.8,8.444271075,0.0,0.0,0.0,0.0,12.0,0.9781101388888888,-0.0001787325694753,56.0,scuol,6,1
2024-02-24,-4.382,-17.282,-11.9945,14.685176,5.1919937,11.285801075,0.4,0.0,0.0333333333333333,0.56000001,12.0,0.8106622469907407,0.0,74.0,gstaad,5,1
2024-02-25,-5.132,-19.782,-11.232,22.862123,10.495713,15.441082541666669,0.5,0.0,0.0458333333333333,0.77000001,12.0,0.7615524694444445,0.0,74.0,gstaad,6,1
2024-02-26,-3.632,-11.482,-7.077833333333333,23.4,9.422101,15.552546895833332,0.9,0.0,0.2125,3.56999996,12.0,0.1926712143518518,-0.0239450043286484,67.0,gstaad,0,0
2024-02-27,-0.482,-8.882,-4.1840833208333335,12.768586,2.5455842,8.304320241666666,0.2,0.0,0.0583333333333333,0.98,12.0,0.3129755662037037,-0.008439886309113,68.0,gstaad,1,0
2024-02-28,0.8180001,-7.632,-3.479916655,11.480557,1.8,7.702190725,0.1,0.0,0.0041666666666666,0.07,12.0,0.7343381134259259,0.0009891081272725,72.0,gstaad,2,0
2024-02-29,0.668,-11.432,-5.446583318333334,16.746773,7.5942082,11.656716445833334,0.0,0.0,0.0,0.0,12.0,0.8291336875,-0.000229412019216,70.0,gstaad,3,0
2024-03-01,-1.4319999,-8.032,-3.596583325,11.841756,1.484318,5.4082490375,1.3,0.0,0.4791666666666667,8.04999994,12.0,0.0,0.0009532017728281,73.0,gstaad,4,0
2024-03-02,-0.43199992,-12.982,-6.056999988333334,20.570463,9.826088,14.104594812500002,0.0,0.0,0.0,0.0,12.0,0.7200421604166667,0.001135850728298,74.0,gstaad,5,1
2024-03-03,-0.732,-6.732,-3.8986666654166666,21.178896,1.08,10.923970479166668,0.1,0.0,0.0125,0.21,12.0,0.7030496467592592,0.0005885652226962,72.0,gstaad,6,1
2024-03-04,-0.732,-7.432,-3.8986666570833335,5.8048253,1.5273507,3.3720731999999995,0.1,0.0,0.0125,0.21,12.0,0.3464893993055555,-0.001152084686511,65.0,gstaad,0,0
2024-03-05,-2.432,-6.732,-4.421583324999999,10.97262,2.6208394,6.615232391666666,2.2,0.0,0.5166666666666667,8.53999989,12.0,0.3651826111111111,-0.001770072828324,66.0,gstaad,1,0
2024-03-06,-5.232,-7.532,-6.582,8.669949,3.9763298,6.228815158333333,1.1,0.0,0.3583333333333333,6.02000003,12.0,0.0,-0.0018825204257835,65.0,gstaad,2,0
2024-03-07,-0.732,-15.582,-7.450749989166667,12.397806,2.6208394,5.742982625,0.0,0.0,0.0,0.0,12.0,0.8735381180555555,-0.0015014737219067,68.0,gstaad,3,0
2024-03-08,-2.832,-16.082,-8.529916658333333,20.883102,12.10157,16.396699583333334,0.0,0.0,0.0,0.0,12.0,0.737927875,-0.0010822172706805,68.0,gstaad,4,0
2024-03-09,-1.4319999,-11.882,-5.869499991666667,36.343952,13.830749,23.69668570833333,0.0,0.0,0.0,0.0,12.0,0.5527952113425926,-0.0005360055642445,69.0,gstaad,5,1
2024-03-10,-2.082,-12.382,-5.444499995833333,32.55363,3.5455887,13.930790729166665,2.3,0.0,0.4624999999999999,7.69999993,12.0,0.0539464821759259,-7.576743937039138e-05,67.0,gstaad,6,1
2024-03-11,-1.782,-16.332,-7.5945,10.931203,1.0182338,5.050500375,0.8,0.0,0.0416666666666666,0.6300000000000001,12.0,0.6612477430555557,-0.0004866660817978,59.0,gstaad,0,0
2024-03-12,-1.582,-13.132,-6.134083333333334,10.661107,2.4149535,6.426147658333332,1.0,0.0,0.1666666666666666,2.87000005,12.0,0.0833333333333333,-0.0005932055509986,63.0,gstaad,1,0
2024-03-13,2.0679998,-5.432,-1.5465833151666668,11.298495,0.71999997,5.770001723749999,0.7,0.0,0.1124999999999999,1.47000002,12.0,0.25,-0.0004810992274461,66.0,gstaad,2,0
2024-03-14,2.868,-8.282,-2.6611666360416666,9.693296,5.1919937,7.928138604166667,0.0,0.0,0.0,0.0,12.0,0.8975794305555556,-0.0004119721030748,67.0,gstaad,3,0
2024-03-15,2.2680001,-4.282,-1.779916627916667,13.5515,3.8939953,8.299199508333333,1.7,0.0,0.1875,1.95999997,12.0,0.7861325925925926,-0.0002481015017366,66.0,gstaad,4,0
2024-03-16,1.418,-7.482,-2.1257499816666665,11.792404,2.3051248,7.381206308333333,0.9,0.0,0.1625,2.72999998,12.0,0.5810453148148148,3.970942792278304e-05,67.0,gstaad,5,1
2024-03-17,0.86800003,-10.332,-3.30074997875,10.495713,2.8116899,7.5214536125,0.4,0.0,0.0875,0.21,12.0,0.0,0.0002735777494326,67.0,gstaad,6,1
2024-03-18,0.11800003,-4.832,-1.2299166341666667,14.471821,0.5091169,7.7919960125,2.9,0.0,0.7791666666666667,8.1899998,12.0,0.0,5.959749808835962e-05,57.0,gstaad,0,0
2024-03-19,3.7680001,-8.182,-1.3778333445833333,8.825508,1.609969,4.666998091666667,0.0,0.0,0.0,0.0,12.0,0.8375244398148148,-0.0001464394459175,65.0,gstaad,1,0
2024-03-20,6.368,-9.282,-1.4049166474999997,11.440979,3.0758414,6.646161029166668,0.0,0.0,0.0,0.0,12.0,0.9139601296296296,-0.0001394833938123,66.0,gstaad,2,0
2024-03-21,2.4180002,-6.082,-0.8882499387499999,10.805998,1.0182338,6.773851658333334,5.4,0.0,0.475,4.829999979999999,12.0,0.4438944160648148,-0.0001318631885142,65.0,gstaad,3,0
2024-03-22,4.468,-7.682,-1.4965833162499995,10.24578,3.0547013,6.5502392333333335,0.0,0.0,0.0,0.0,12.0,0.9166666666666666,-6.590761334897739e-05,66.0,gstaad,4,0
2024-03-23,-1.282,-7.932,-4.909083329166667,21.67487,6.12,14.549764041666668,2.3,0.0,0.5291666666666667,7.77,12.0,0.3818519814814815,5.022321114832176e-05,65.0,gstaad,5,1
2024-03-24,-5.882,-15.532,-8.127833333333333,17.771753,5.506941,11.662715279166669,1.9,0.0,0.3875,6.4399999,12.0,0.3707869803240741,0.0001983368421921,65.0,gstaad,6,1
2024-03-25,-1.1819999,-19.782,-9.196583329166666,23.090569,2.1897945,12.449428491666666,0.0,0.0,0.0,0.0,12.0,0.8423341375694444,7.726148182444175e-05,59.0,gstaad,0,0
2024-03-26,-1.532,-8.032,-4.7674166583333335,25.376808,18.25026,22.734257291666665,0.1,0.0,0.0083333333333333,0.21,12.0,0.8922766342592592,-0.0002238012993967,59.0,gstaad,1,0
2024-03-27,-2.582,-10.582,-5.269499991666667,19.681828,3.7585104,11.320780770833332,1.9,0.0,0.5916666666666667,10.00999987,12.0,0.0,-0.0003032989608191,58.0,gstaad,2,0
2024-03-28,-2.7319999,-12.282,-6.984083329166666,22.086521,8.905908,15.849690229166669,4.2,0.0,0.4333333333333333,7.27999961,12.0,0.5,-0.0003306066403982,59.0,gstaad,3,0
2024-03-29,2.7680001,-7.432,-2.27783331375,31.404713,20.523157,24.657665666666663,0.0,0.0,0.0,0.0,12.0,0.784648675925926,-0.0003072528982902,61.0,gstaad,4,0
2024-03-30,1.168,-3.182,-1.3236666401666668,37.14286,7.754637,20.64764645833333,1.9,0.0,0.4166666666666667,6.36999981,12.0,0.6925378032407408,-0.0001901790336449,60.0,gstaad,5,1
2024-03-31,1.2680001,-5.882,-1.7611666433333333,21.794127,12.096214,16.634627499999997,0.4,0.0,0.0416666666666666,0.70000001,12.0,0.6437838976851852,-3.122274414704385e-05,62.0,gstaad,6,1
2024-04-01,-1.232,-8.532,-3.3632499875,20.774214,6.696387,11.2823463375,3.3,0.0,0.5541666666666667,9.30999989,12.0,0.5,6.688902686952728e-05,55.0,gstaad,0,0
2024-03-04,0.625,-9.525,-3.347916665,6.849467,1.1384199,4.024458808333333,0.1,0.0,0.0166666666666666,0.28,12.0,0.4010841481481482,0.0197232345119669,73.0,adelboden,0,0
2024-03-05,-1.625,-6.825,-3.6312499541666665,11.090103,2.0364676,6.813464691666667,2.4,0.0,0.5708333333333333,9.52000006,12.0,0.318049867361111,0.0010800787878151,73.0,adelboden,1,0
2024-03-06,-4.325,-6.375,-5.608333229166667,9.339208,4.0249224,6.808203725000001,1.5,0.0,0.5875,9.86999998,12.0,0.0,-0.0008476971981709,73.0,adelboden,2,0
2024-03-07,0.625,-12.974999,-4.862499862416667,10.948973,2.1897945,5.196446025,0.0,0.0,0.0,0.0,12.0,0.873538111111111,0.0023272471917669,78.0,adelboden,3,0
2024-03-08,-1.275,-12.974999,-6.5229165375,23.1774,11.480557,17.335071958333334,0.0,0.0,0.0,0.0,12.0,0.7964396944444444,0.0002620495624308,75.0,adelboden,4,0
2024-03-09,-0.82500005,-12.575,-5.641666618749999,36.658184,17.072504,24.383390125,0.0,0.0,0.0,0.0,12.0,0.5516533564814815,0.002880472308907,80.0,adelboden,5,1
2024-03-10,-1.125,-11.625,-3.9854166541666665,36.0,2.6208394,15.267657733333332,2.7,0.0,0.6583333333333333,11.059999949999998,12.0,0.0173113287037037,0.0009588120908476,77.0,adelboden,6,1
2024-03-11,-1.125,-17.275002,-6.670833329166666,10.464797,1.484318,5.309242233333333,0.2,0.0,0.0166666666666666,0.28,12.0,0.6429243828703703,-0.0015765857733335,70.0,adelboden,0,0
2024-03-12,-0.625,-13.474999,-4.8999999375,9.504273,0.8049845,4.709102329166666,1.1,0.0,0.1791666666666667,2.7999999800000004,12.0,0.0833333333333333,-0.0021495318512954,70.0,adelboden,1,0
2024-03-13,3.175,-3.425,-0.20000001775,8.427383,1.8,4.206422391666667,1.3,0.0,0.3333333333333333,5.39000008,12.0,0.2530414898148148,-0.0020686646007119,70.0,adelboden,2,0
2024-03-14,4.625,-0.975,2.027083301666667,7.5942082,1.2979984,6.146694087499999,0.0,0.0,0.0,0.0,12.0,0.8983806944444445,-0.0015994025781148,75.0,adelboden,3,0
2024-03-15,2.7749999,-2.075,0.7895833104166666,11.525623,1.609969,6.957281170833333,0.7,0.0,0.0958333333333333,1.05000003,12.0,0.7986310162037036,-0.0011339113108573,74.0,adelboden,4,0
2024-03-16,2.075,-6.975,-0.918750005,10.883676,2.0364676,5.9012971125,1.5,0.0,0.2125,3.5700000000000003,12.0,0.5919910664351852,-0.0002278291807003,78.0,adelboden,5,1
2024-03-17,1.675,-8.974999,-1.4416666095833337,10.390226,1.1384199,5.878611029166667,0.4,0.0,0.0791666666666666,1.05000001,12.0,0.0,0.0006287439128409,78.0,adelboden,6,1
2024-03-18,0.92499995,-2.9750001,0.1083333084166666,13.441071,3.0547013,7.845118233333333,2.2,0.0,0.7208333333333333,10.07999988,12.0,0.0,0.0003249851074436,70.0,adelboden,0,0
2024-03-19,4.875,-7.225,0.3916666781666666,7.9036193,1.1384199,3.7564372916666655,0.0,0.0,0.0,0.0,12.0,0.7987546055555556,-5.34878708140902e-05,72.0,adelboden,1,0
2024-03-20,7.275,-0.52500004,3.200000041833333,9.178235,1.08,4.840790591666667,0.0,0.0,0.0,0.0,12.0,0.9147613888888888,-0.0003252916021933,71.0,adelboden,2,0
2024-03-21,3.075,-0.57500005,2.218749972916666,9.885262,3.2399998,5.894707379166667,2.2,0.0,0.2166666666666667,2.03,12.0,0.4178427219444444,-0.0005369584295473,70.0,adelboden,3,0
2024-03-22,5.525,-1.875,2.10000000125,7.928178,1.1384199,4.429711508333333,0.0,0.0,0.0,0.0,12.0,0.9166666666666666,-0.0006205410510699,70.0,adelboden,4,0
2024-03-23,1.375,-6.5249996,-2.7770833025,18.175545,4.896529,12.0872786375,1.4,0.0,0.3125,5.039999959999999,12.0,0.3955337407407407,-0.0003305662575917,73.0,adelboden,5,1
2024-03-24,-4.875,-11.175,-6.597916545833333,16.23596,1.2979984,9.287511120833331,1.9,0.0,0.325,5.38999989,12.0,0.3333333333333333,4.541525254747091e-05,73.0,adelboden,6,1
2024-03-25,-0.12500001,-16.775002,-6.845833498749999,24.703974,3.096837,13.368880616666669,0.0,0.0,0.0,0.0,12.0,0.8552156651388889,0.0002037150192263,73.0,adelboden,0,0
2024-03-26,-0.47500002,-8.125,-3.86458333625,24.72495,19.513195,23.250173625,0.1,0.0,0.0083333333333333,0.14,12.0,0.9166666666666666,3.515711087477856e-05,70.0,adelboden,1,0
2024-03-27,-1.475,-11.224999,-4.3416665750000005,21.67487,2.6208394,11.930191854166663,1.7,0.0,0.6208333333333333,10.57000001,12.0,0.0,-8.872985645410173e-05,69.0,adelboden,2,0
2024-03-28,-0.875,-12.974999,-6.810416533333334,23.675303,5.6002855,16.297501770833332,3.1,0.0,0.375,6.29999971,12.0,0.5,-0.0001844303725908,69.0,adelboden,3,0
2024-03-29,2.475,-10.474999,-2.26458327225,32.750107,23.617756,27.073221083333333,0.0,0.0,0.0,0.0,12.0,0.7401088425925926,-5.849415854356064e-05,72.0,adelboden,4,0
2024-03-30,1.925,-2.075,-0.3166666875,34.802895,12.979984,22.757516666666664,4.9,0.0,0.9625,16.099999699999998,12.0,0.7012801875,1.1130213788248e-05,69.0,adelboden,5,1
2024-03-31,1.7749999,-6.375,-0.9770833633333332,24.192429,14.386494,19.79893895833333,0.6,0.0,0.0708333333333333,1.19000004,12.0,0.6100364342592592,0.0002432226201057,71.0,adelboden,6,1
2024-04-01,-0.425,-6.0249996,-1.941666655,22.45315,2.6208394,9.429106745833332,3.1,0.0,0.5666666666666668,9.51999969,12.0,0.5,0.0003398055836934,67.0,adelboden,0,0
2024-04-02,1.0749999,-6.1749997,-2.31458332225,12.7279215,5.1544156,9.617659795833331,0.3,0.0,0.0458333333333333,0.70000001,12.0,0.8653723287037037,3.425843077704024e-05,65.0,adelboden,1,0
2024-04-03,0.275,-5.4249997,-1.8083333256666665,15.2947035,4.6102495,10.657834291666669,0.9,0.0,0.0916666666666666,1.61000001,12.0,0.2649409583333333,-0.0001184942273138,65.0,adelboden,2,0
2024-04-04,3.675,-1.725,1.42916664375,14.039999,8.311245,10.867284333333332,0.2,0.0,0.0166666666666666,0.21,12.0,0.9793919768518518,-0.0001880509146436,65.0,adelboden,3,0
2024-04-05,5.2250004,-2.775,2.456250026666667,14.565548,8.209263,11.403016458333331,0.0,0.0,0.0,0.0,12.0,1.0068085254629628,-0.00020217839767,65.0,adelboden,4,0
2024-04-06,11.575,1.625,6.0937500125,13.479583,7.10031,10.307193733333332,0.0,0.0,0.0,0.0,12.0,1.0112210324074071,-6.867364602594885e-05,68.0,adelboden,5,1
2024-04-07,12.725,1.825,7.1791668291666655,17.84816,6.638072,11.9495318375,0.0,0.0,0.0,0.0,12.0,1.0156284837962963,-6.1706817809813694e-06,67.0,adelboden,6,1
2024-03-06,1.7805,-0.46950006,0.4367500165833333,9.531505,3.2399998,7.277513545833333,1.4,0.0,0.3416666666666666,5.809999960000001,12.0,0.0,0.0,74.5,laax,2,0
2024-03-07,6.6805,-2.1195002,1.2742500018333331,9.511088,0.35999998,5.359926307499999,0.0,0.0,0.0,0.0,12.0,0.8449226875,-0.001253248681395,91.0,laax,3,0
2024-03-08,7.4305,-4.8695,1.357583359583333,20.380579,9.178235,15.36950375,0.0,0.0,0.0,0.0,12.0,0.8769214837962963,0.0275797619672788,92.5,laax,4,0
2024-03-09,8.4805,-0.96950006,3.463833346416667,24.014996,11.298495,16.93744141666667,0.2,0.0,0.0125,0.21,12.0,0.6847316726851852,0.0137532675552105,94.5,laax,5,1
2024-03-10,6.1305,-1.1694999,2.2284166854166667,17.31746,3.7064266,10.828737341666669,3.6,0.0,0.6666666666666666,7.76999988,12.0,0.1648087499999999,0.00178778986999,90.5,laax,6,1
2024-03-11,7.2305,-3.4695,1.91800002375,11.090103,2.16,6.8067406708333325,0.4,0.0,0.0166666666666666,0.28,12.0,0.8912122222222223,-0.0037339197238475,89.0,laax,0,0
2024-03-12,6.3305,-4.3195,2.06383334125,11.620809,0.5091169,5.440329254166667,0.9,0.0,0.2083333333333333,3.3600000500000005,12.0,0.4166666666666667,-0.003937397788197,86.5,laax,1,0
2024-03-13,5.8305,0.7305,2.7867500208333333,7.42159,1.484318,3.868453095833333,2.7,0.0,0.8375,13.64999996,12.0,0.0851744391203703,-0.0031816308539345,86.0,laax,2,0
2024-03-14,12.5805,-4.1695,4.580499995,10.739832,1.609969,6.200071179166666,0.0,0.0,0.0,0.0,12.0,0.905310150462963,-0.0023494054295451,91.0,laax,3,0
2024-03-15,12.9305,1.9305,5.890916670833335,8.0899935,1.2979984,4.293151970833334,5.2,0.0,0.7083333333333334,4.129999819999999,12.0,0.7484564953703704,-0.0017441742149375,88.0,laax,4,0
2024-03-16,6.7805,1.4305,4.2888333375,8.435069,1.1384199,4.793176158333334,2.9,0.0,0.8583333333333334,9.23999986,12.0,0.8214524351851853,-0.0004188522886261,92.5,laax,5,1
2024-03-17,9.9805,-2.4194999,4.951333356666667,9.449572,0.5091169,5.049259445833333,1.1,0.0,0.2083333333333333,0.0,12.0,0.4986427638888889,0.0001407698324968,90.5,laax,6,1
2024-03-18,6.1305,2.8305001,4.259666670833334,6.792466,1.4399999,4.620342554166666,3.4,0.0,0.7666666666666666,4.829999840000001,12.0,0.0,-0.000252877955598,85.0,laax,0,0
2024-03-19,12.1305,-1.7695,5.234666686416666,10.630672,2.0364676,5.927642083333335,0.1,0.0,0.0083333333333333,0.0,12.0,0.9166666666666666,-0.0005933586892982,87.0,laax,1,0
2024-03-20,15.6805,-2.7195,7.090916675,10.195057,2.9024127,6.264586329166666,0.0,0.0,0.0,0.0,12.0,0.917622923148148,-0.0007597351193589,86.0,laax,2,0
2024-03-21,9.8305,2.9805,6.340916666666666,8.699793,1.484318,4.7268366375,1.5,0.0,0.3166666666666666,0.48999998,12.0,0.4903035747685185,-0.000826685767615,87.0,laax,3,0
2024-03-22,15.0305,1.1305001,8.1013333375,7.771331,0.71999997,4.374959169583334,0.0,0.0,0.0,0.0,12.0,0.9166666666666666,-0.000593205520986,87.5,laax,4,0
2024-03-23,6.9805,-1.2195001,2.222166679166667,11.592894,0.5091169,7.115306970833333,3.3,0.0,0.5666666666666667,8.329999919999999,12.0,0.4565287030092593,-0.0001490828858354,90.0,laax,5,1
2024-03-24,2.2305,-3.3195,-0.5674166544583333,9.007196,1.609969,5.137135779166666,1.8,0.0,0.3166666666666666,5.250000050000001,12.0,0.6803162800925926,0.0002224666623117,89.0,laax,6,1
2024-03-25,8.3805,-3.9695,1.25966669875,18.043148,3.096837,10.597426245833333,0.7,0.0,0.0833333333333333,1.39999998,12.0,0.9185394453703704,0.0002417410128522,87.0,laax,0,0
2024-03-26,8.5805,-0.7695,3.80341667975,22.86496,13.044722,17.822914083333334,0.0,0.0,0.0,0.0,12.0,0.86472734375,9.809458664879558e-05,87.5,laax,1,0
2024-03-27,5.9305,-0.5195,3.0950833437500003,16.992609,1.484318,9.325311220833331,2.3,0.0,0.5958333333333333,2.79999999,12.0,0.0423133097222222,-5.9497380350415154e-05,86.0,laax,2,0
2024-03-28,4.4305,-2.0695,1.0242500129166667,15.192682,1.484318,9.665122183333333,1.3,0.0,0.1625,2.73000002,12.0,0.1571447612268518,-0.0001427396945299,86.0,laax,3,0
2024-03-29,11.2805,-1.6194999,5.0450833325,22.104116,13.755579,16.419695041666667,0.0,0.0,0.0,0.0,12.0,0.5596305618055556,-4.5087890168303e-05,90.5,laax,4,0
2024-03-30,13.4805,2.7305,7.742999999999999,22.35481,8.0899935,15.3403143125,2.0,0.0,0.2166666666666666,0.62999998,12.0,0.9283742233796296,0.000102495995141,92.5,laax,5,1
2024-03-31,10.0805,1.3305,5.732583341666667,19.576189,10.296251,14.192194145833334,1.6,0.0,0.3,0.6300000000000001,12.0,0.69371375,0.0002784154365434,93.0,laax,6,1
2024-04-01,5.0805,-4.0695,2.072166702083333,20.304129,1.1384199,7.467107070833333,6.0,0.1,2.0375,24.49999989,12.0,0.0157655874999999,0.0002661200913313,86.5,laax,0,0
2024-04-02,8.4805,-4.7195,3.1596666779166664,9.686609,1.484318,4.960557737499999,0.6,0.0,0.1041666666666666,1.61000003,12.0,0.9222190824074074,2.436280389027452e-05,83.5,laax,1,0
2024-04-03,11.2305,-3.9695,3.932583315833333,18.472595,3.6,10.014063366666669,0.2,0.0,0.0333333333333333,0.28,12.0,0.4139393611111111,-0.0002015353622544,81.5,laax,2,0
2024-04-04,14.6805,3.0805001,8.511750004166666,12.7279215,2.6208394,8.148529370833334,0.5,0.0,0.0875,0.0,12.0,0.966184013888889,-0.0003487042531141,83.5,laax,3,0
2024-04-05,17.6305,2.2805,9.68675,14.654254,8.435069,10.998822458333334,0.0,0.0,0.0,0.0,12.0,0.9278670289351852,-0.0004026980263097,84.0,laax,4,0
2024-04-06,22.5305,2.0805001,12.334666670833334,12.261157,3.396233,9.318940841666668,0.0,0.0,0.0,0.0,12.0,0.9310897708333332,-0.0001982965122391,89.0,laax,5,1
2024-04-07,21.9305,2.7305,12.557583333333332,14.113652,0.35999998,8.274887340833333,0.0,0.0,0.0,0.0,12.0,0.9740648379629632,-7.703503467011594e-05,85.5,laax,6,1
2024-04-08,20.6805,4.7305,12.647166666666664,17.873554,10.739832,14.893534520833336,0.0,0.0,0.0,0.0,12.0,1.0208046574074074,-4.268492812370572e-05,82.0,laax,0,0
2024-04-09,12.5805,1.8305,7.324249999999999,17.373497,4.3498964,10.382307491666666,2.4,0.0,0.6291666666666668,5.110000019999999,12.0,0.3997658509259259,-3.608072565749826e-05,80.0,laax,1,0
2024-04-10,3.2805,0.68050003,2.13258336375,10.805999,0.35999998,7.133312803333335,1.7,0.0,0.4916666666666667,8.259999950000001,12.0,0.025190511574074,-0.0001020523034424,80.0,laax,2,0
2024-04-11,15.1805,0.8805001,7.772166670833333,10.829958,0.35999998,6.816843178333333,0.0,0.0,0.0,0.0,12.0,1.034125453703704,-0.0001550050187755,80.0,laax,3,0
2024-04-12,19.3805,0.3305,10.665916667916669,10.948973,2.1897945,6.619693158333334,0.0,0.0,0.0,0.0,12.0,1.0385310185185186,-0.0001499460027026,82.0,laax,4,0
2024-04-13,22.1305,1.7805,13.284666666666666,8.714677,2.1897945,5.5669389791666655,0.0,0.0,0.0,0.0,12.0,1.0429143912037038,-2.6951676927140745e-05,86.0,laax,5,1
2024-02-27,-1.239,-9.489,-5.263999954166667,6.519877,0.8049845,3.918689366666667,1.0,0.0,0.1791666666666667,3.01000002,12.0,0.3740284043981481,0.0,64.0,pizol,1,0
2024-02-28,0.16100001,-6.539,-3.5223332654166666,10.823973,1.1384199,5.241822879166667,0.1,0.0,0.0083333333333333,0.14,12.0,0.6393708432870371,0.0,64.0,pizol,2,0
2024-02-29,2.0609999,-8.989,-3.0285832975000004,12.682018,6.28713,10.542541729166668,0.0,0.0,0.0,0.0,12.0,0.8142760886574074,0.0,64.0,pizol,3,0
2024-03-01,-1.989,-4.939,-3.5889999833333337,9.585739,2.1897945,5.488780716666668,1.9,0.0,0.5750000000000001,9.37999976,12.0,0.0097712622685185,0.0,64.0,pizol,4,0
2024-03-02,1.1110001,-7.5889997,-2.55774994625,31.212229,2.5455842,15.636387970833336,0.1,0.0,0.0083333333333333,0.14,12.0,0.7772443310185185,0.0033482651877152,67.0,pizol,5,1
2024-03-03,-0.6889999,-7.889,-2.9889999441666664,34.05379,3.319036,24.73717437500001,0.1,0.0,0.0125,0.21,12.0,0.3036950709722222,0.0024997403490241,67.0,pizol,6,1
2024-03-04,-0.9389999,-9.139,-4.22858325,6.763786,0.71999997,3.428748315416667,0.0,0.0,0.0,0.0,12.0,0.7473752796296296,0.0001948279412406,64.0,pizol,0,0
2024-03-05,-3.939,-6.739,-5.009833270833333,11.4862,2.5959969,7.641653979166667,1.8,0.0,0.6833333333333332,10.990000040000002,12.0,0.0,-0.0003284602491606,64.0,pizol,1,0
2024-03-06,-6.239,-7.739,-7.1577499625,11.019764,1.484318,7.996269654166667,1.7,0.0,0.6208333333333333,10.429999979999998,12.0,0.0,-0.0004275171858201,64.0,pizol,2,0
2024-03-07,-1.739,-14.639,-7.484833312500001,10.182337,2.3051248,6.916125770833333,0.0,0.0,0.0,0.0,12.0,0.8281170856481481,-0.0004318599402588,64.0,pizol,3,0
2024-03-08,-1.1389999,-15.289,-6.932749954166667,26.27753,9.779817,17.49350395833333,0.0,0.0,0.0,0.0,12.0,0.8764668564814816,-0.000409800844603,64.0,pizol,4,0
2024-03-09,-0.88899994,-8.389,-4.049416643333333,36.57855,12.599999,25.648382708333333,0.1,0.0,0.0041666666666666,0.07,12.0,0.7051747550925926,4.031075324197035e-05,67.0,pizol,5,1
2024-03-10,0.76100016,-9.339,-2.870249963333333,43.415462,3.8773184,17.242325566666665,3.3,0.0,0.9041666666666668,14.5600001,12.0,0.2794144861111111,0.0003858514466857,67.0,pizol,6,1
2024-03-11,-2.089,-14.989,-7.568166649999999,11.966953,0.35999998,6.855867940833334,0.2,0.0,0.0166666666666666,0.28,12.0,0.8908296226851853,0.0002519837685671,64.0,pizol,0,0
2024-03-12,-3.9889998,-8.939,-5.838999879166667,9.793058,4.68,7.177383229166666,0.6,0.0,0.1958333333333333,3.15000008,12.0,0.0290677233796296,5.3271243042594085e-05,64.0,pizol,1,0
2024-03-13,-1.589,-6.189,-3.9764999291666654,9.346143,3.7064266,7.304001604166667,3.4,0.0,1.0708333333333335,17.77999989,12.0,0.0791105648148148,-7.44728434603931e-05,64.0,pizol,2,0
2024-03-14,4.561,-8.339,-1.0577499108333337,9.3669195,1.609969,4.604924808333333,0.0,0.0,0.0,0.0,12.0,0.868252425925926,-0.0001577754745723,64.0,pizol,3,0
2024-03-15,3.961,-3.439,0.5776667225000001,10.739832,2.5959969,6.35018645,0.9,0.0,0.0875,0.42,12.0,0.75,-0.0002123941864442,64.0,pizol,4,0
2024-03-16,-0.88899994,-3.689,-2.1931666308333333,11.966953,3.396233,7.046107975000001,2.6,0.0,0.5708333333333333,9.37999983,12.0,0.3898542627314815,-4.65530941140294e-05,67.0,pizol,5,1
2024-03-17,1.7610002,-9.939,-2.626499926833333,10.182337,1.484318,5.603095175,0.7,0.0,0.1625,1.33000003,12.0,0.4819893657407408,0.0001745562639327,67.0,pizol,6,1
2024-03-18,-1.489,-5.0889997,-2.501499941666667,10.829958,0.5091169,5.124296133333334,4.4,0.0,0.8916666666666666,13.64999997,12.0,0.0,0.0001601978160348,64.0,pizol,0,0
2024-03-19,2.461,-11.689,-4.101499965833334,9.504272,0.71999997,5.307901227916666,0.0,0.0,0.0,0.0,12.0,0.9166666666666666,5.231754667201179e-05,64.0,pizol,1,0
2024-03-20,6.0109997,-8.339,-0.9639999833333333,9.021574,0.71999997,4.97173838625,0.0,0.0,0.0,0.0,12.0,0.9166666666666666,-2.997119227276084e-05,64.0,pizol,2,0
2024-03-21,3.961,-2.639,0.32975004525,14.81259,1.2979984,8.521284216666666,2.5,0.0,0.3583333333333333,1.18999996,12.0,0.495256162037037,-9.31137729276748e-05,64.0,pizol,3,0
2024-03-22,4.761,-7.8389997,-1.61399994,7.24486,2.6208394,4.410077220833333,0.0,0.0,0.0,0.0,12.0,0.9166666666666666,-0.0001417780941481,64.0,pizol,4,0
2024-03-23,2.3109999,-9.789,-4.841083284583333,20.140705,2.0364676,9.267940879166666,2.7,0.0,0.6041666666666666,10.009999939999998,12.0,0.0920343400462962,-4.833575487287727e-05,67.0,pizol,5,1
2024-03-24,-7.239,-11.439,-9.191083308333331,17.193533,5.692099,9.956007866666663,0.9,0.0,0.325,5.46,12.0,0.43757125,0.0001091528239129,67.0,pizol,6,1
2024-03-25,-0.63899994,-13.339,-6.928583311666666,28.112288,2.9024127,13.354118145833334,0.1,0.0,0.0125,0.21,12.0,0.9155431453703704,0.0001164533047977,64.0,pizol,0,0
2024-03-26,-0.08899999,-7.8389997,-3.45149993375,30.190672,22.027763,27.14132333333333,0.1,0.0,0.0041666666666666,0.07,12.0,0.889142361111111,4.375186071683199e-05,64.0,pizol,1,0
2024-03-27,-0.08899999,-9.489,-3.468166655,24.442911,2.1897945,11.7006068125,1.7,0.0,0.5916666666666667,8.8900001,12.0,0.1199013685185185,-1.6052877754822407e-05,64.0,pizol,2,0
2024-03-28,-2.289,-12.039,-6.472333308333333,25.849905,2.4149535,14.024351891666669,0.8,0.0,0.2166666666666666,3.64000002,12.0,0.1420542962962963,-6.537874631970303e-05,64.0,pizol,3,0
2024-03-29,2.1610003,-6.889,-0.5077499109999999,45.92364,27.852928,35.40230945833333,0.0,0.0,0.0,0.0,12.0,0.5297153969907408,-8.996167294303929e-06,67.0,pizol,4,0
2024-03-30,2.8109999,-1.8889999,0.6839167187499999,41.548428,12.599999,28.731456333333337,1.5,0.0,0.1624999999999999,1.75000001,12.0,0.8649866840277779,1.470809416854193e-05,67.0,pizol,5,1
2024-03-31,1.9110003,-1.6889999,0.0089167550833333,39.205303,19.93048,27.76300333333333,1.8,0.0,0.2375,2.51999998,12.0,0.7577070497685185,0.0001096016648166,67.0,pizol,6,1
2024-04-01,-0.38899994,-8.739,-3.4827499841666665,37.84283,1.8,12.329682320833331,2.9,0.0,1.1208333333333331,16.799999970000002,12.0,0.0,0.0001979000206048,67.0,pizol,0,0
2024-04-02,-1.1389999,-10.039,-5.099416625,10.495713,1.1384199,7.105040579166666,0.7,0.0,0.1166666666666666,1.9599999800000003,12.0,0.8333333333333334,8.70009872061363e-05,64.0,pizol,1,0
2024-04-03,1.461,-9.089,-3.109833290416667,14.917212,3.96,9.4382608875,0.5,0.0,0.1458333333333333,2.10000005,12.0,0.3333333333333333,-1.2117172319834384e-05,64.0,pizol,2,0
2024-04-04,3.711,-3.689,-0.4389999516666667,12.758432,2.3051248,7.251577366666667,0.3,0.0,0.0416666666666666,0.14,12.0,0.8885915023148149,-0.0001008153446676,64.0,pizol,3,0
2024-04-05,4.211,-2.189,1.0735000729166666,15.84409,3.7064266,10.641206566666666,0.0,0.0,0.0,0.0,12.0,0.8962278143518518,-0.0001787897389632,64.0,pizol,4,0
2024-04-06,13.311,-0.98899996,4.90475008,10.823973,3.7064266,7.459637366666667,0.0,0.0,0.0,0.0,12.0,0.9700926851851852,-7.228528731406246e-05,67.0,pizol,5,1
2024-04-07,13.061,1.2610002,6.000583341666666,19.45333,2.7416782,9.158194125,0.0,0.0,0.0,0.0,12.0,0.9727287060185186,1.9457165185880616e-05,67.0,pizol,6,1
